centroid_idx,n,mean,median,std,min,max
401,173,7.972890173410405,8.15,1.0465339294044738,5.3,10.0
1374,108,7.699907407407408,7.95,0.6870973506020742,5.76,8.71
2355,95,8.228,8.22,0.47497279700498307,6.4,9.47
2568,73,8.1186301369863,8.09,0.4704597432838076,7.22,9.29
704,51,8.310588235294118,8.43,0.5034680189804527,6.7,9.15
2924,48,7.612291666666667,7.61,0.36939274257068033,6.94,8.48
2173,46,7.397826086956522,7.385,0.2149409731255685,6.86,7.86
421,39,7.913076923076924,8.0,0.5736753028126618,5.26,9.0
2728,38,5.527368421052631,5.535,0.36759305453124685,4.54,6.42
1423,37,6.796216216216216,6.85,0.34286827784624596,6.05,7.3
3144,37,7.351351351351352,7.27,0.49067610367164827,6.4,8.22
586,37,8.080270270270269,8.05,0.5309832108430778,6.72,9.3
580,33,7.915151515151517,8.0,0.590490916524297,6.27,8.85
2454,31,6.851935483870968,6.89,0.28219667535179177,6.19,7.41
2831,29,5.1851724137931035,5.23,0.5406931738098035,4.02,6.73
630,29,8.464137931034482,8.48,0.1907068022470767,7.92,8.89
136,28,7.475357142857143,7.58,0.47045936626463547,5.96,8.1
1472,27,7.679259259259259,7.66,0.17728248907544325,7.39,8.05
1682,26,6.633846153846154,6.56,0.5319056952496873,5.74,7.47
2880,26,7.847692307692308,8.05,0.3900819213004416,7.01,8.52
1244,25,8.2236,8.44,0.7111280053548729,5.38,8.96
319,25,7.4604,7.4,0.19920803196658518,7.18,7.77
853,23,7.179565217391305,7.19,0.391435243807348,6.27,8.1
26,23,7.536521739130434,7.6,0.35618276568482166,6.35,8.07
950,23,5.1982608695652175,5.17,0.5218916443753522,4.37,6.85
2735,23,5.766521739130434,5.71,0.4245981086571587,4.97,6.57
2688,22,8.126818181818182,8.365,0.8210491423872729,6.02,9.4
1170,19,7.063684210526316,7.31,0.7940914074808408,4.8,7.97
1909,19,7.262631578947369,7.24,0.24200570035181002,6.71,7.75
2516,19,8.627368421052632,8.72,0.8419453795589502,7.21,10.7
924,18,7.434999999999999,7.43,0.30253099014811696,6.83,8.22
1895,18,7.476111111111111,7.585,0.398038787737087,6.6,8.1
1612,17,8.118823529411763,8.14,0.28177760009794084,7.42,8.64
3095,17,5.469411764705882,5.28,0.8241321323830891,4.58,7.52
1651,17,7.612941176470589,7.52,0.8037468485411264,6.64,9.7
2242,17,6.587058823529411,6.47,0.5980041776942635,5.69,7.89
520,17,7.082941176470588,7.09,0.32814567614869855,6.41,7.6
2303,16,5.934374999999999,6.075,0.4602848133221431,4.64,6.48
800,16,7.969374999999999,7.89,0.2881073747320605,7.58,8.7
2706,16,5.381875,5.385,0.22685950360300086,5.07,5.82
1290,16,8.27,8.565,0.6836940105046995,6.84,9.22
2631,15,7.0120000000000005,6.93,0.499055107177554,6.56,8.68
3069,15,7.867333333333332,7.94,0.3855120692735257,6.8,8.33
3,15,6.922,7.16,0.678952133806206,5.52,7.7
493,15,6.438666666666666,6.3,0.4332338347308017,5.85,7.52
1094,14,5.857857142857143,5.8,0.5501970889914759,4.92,6.94
289,14,7.091428571428572,7.0649999999999995,0.32539771583308286,6.62,7.75
2295,14,7.48642857142857,7.48,0.5573612209440525,6.38,8.52
1142,14,6.037857142857143,6.234999999999999,0.5245975133570575,5.01,6.66
3202,14,8.230714285714285,8.260000000000002,0.21194555519601468,7.82,8.52
2607,14,8.375000000000002,8.379999999999999,0.7228786699222571,7.04,9.92
1747,14,7.497857142857142,7.335,0.7517425335410348,6.33,8.85
1463,14,7.531428571428571,7.5,0.2029728040493934,7.28,7.89
2108,14,7.847142857142857,7.715,0.682688263635843,6.85,9.04
2762,13,5.799230769230769,5.8,0.42209115928382357,5.12,6.59
1333,13,7.261538461538461,7.3,0.3372706321189867,6.52,7.7
1341,13,5.860769230769232,5.84,0.2848335961834434,5.45,6.41
710,13,7.254615384615383,7.35,0.40804629044745516,6.16,7.89
1202,13,5.893076923076924,5.8,0.7980975900938491,4.87,7.4
188,13,7.154615384615384,7.26,0.4843967760900052,6.27,7.89
968,13,5.742307692307692,5.7,0.5130924919792178,5.04,6.85
2864,13,7.07076923076923,7.27,0.6424767165905287,5.45,7.77
563,13,8.016153846153845,8.0,0.35999013793197726,7.34,8.62
1983,12,8.683333333333332,8.885,0.5236782302988057,7.81,9.36
1767,12,8.015833333333333,7.775,1.2920942840554974,6.26,10.7
1624,12,7.334166666666667,7.73,1.1804621858501958,4.64,8.54
114,12,6.960833333333333,6.895,0.38110493597199996,6.34,7.6
3282,12,8.4825,8.27,0.4068194726575086,8.07,9.39
1497,12,7.051666666666667,6.945,0.5068174117854368,5.89,7.82
879,11,6.891818181818182,7.35,1.7235893741197503,4.06,9.51
1717,11,7.526363636363637,7.54,0.44746300461140676,6.94,8.56
2019,11,7.407272727272727,7.54,0.3763482649474096,6.86,7.96
1943,11,5.880000000000001,5.96,0.3563450830049689,5.24,6.46
767,11,4.9381818181818184,4.87,0.2842156089955197,4.5,5.52
3121,11,5.632727272727273,5.5,0.7017522343014716,4.54,6.77
2139,11,6.203636363636364,6.53,0.7968263495925311,4.0,6.77
350,11,7.009999999999999,7.44,0.8623329877826673,5.08,7.82
1817,11,6.447272727272726,6.5,0.3937717592046278,5.77,7.0
209,10,8.072999999999999,8.094999999999999,0.28979475495598617,7.48,8.42
3197,10,6.159999999999999,6.26,0.30000000000000004,5.26,6.26
2067,10,6.298,6.36,0.3896100614717232,5.48,7.03
1869,10,6.4879999999999995,6.215,0.5976085675423336,5.9,7.6
1608,10,7.333,8.005,1.4250126315229632,4.0,8.48
2277,10,7.017999999999999,6.994999999999999,0.727527319074686,5.58,8.66
527,10,5.4350000000000005,5.38,0.43895899580712555,4.83,6.33
1927,9,7.437777777777778,7.44,0.41165729484009134,7.01,8.4
1115,9,7.212222222222222,7.1,0.304732224083804,6.91,7.96
2272,9,6.90888888888889,6.89,0.7075378976021073,5.64,7.92
2614,9,7.751111111111111,7.34,1.0899382698569517,6.89,10.64
1060,9,6.705555555555555,6.92,0.442897307162008,6.07,7.36
1741,9,5.555555555555555,5.51,0.4195794484722134,4.86,6.13
2320,9,9.04888888888889,9.02,0.17615929940094596,8.81,9.39
2335,9,6.943333333333334,6.95,0.30947985035827075,6.44,7.31
1948,9,6.52888888888889,6.36,0.4414230634976545,5.92,7.22
2001,9,5.333333333333333,5.31,0.3376388603226827,4.81,6.02
1040,9,6.051111111111111,6.06,0.44117128053107924,5.42,6.57
789,9,7.87,7.92,0.1294432522596507,7.68,8.1
3306,9,8.223333333333333,8.22,0.1290994448735805,8.05,8.48
1547,8,7.94,7.970000000000001,0.21863211109075475,7.52,8.22
1457,8,7.5975,7.615,0.15114149000191826,7.36,7.77
418,8,7.0575,7.255,0.6167404235170579,5.82,7.75
1635,8,7.9675,8.205,0.4322542654503251,7.17,8.31
1315,8,6.08625,6.03,0.5752377225982316,5.19,6.98
1288,8,8.372500000000002,8.625,0.46094332623436474,7.61,8.8
3135,8,7.43625,7.555,0.5776014521276761,6.04,8.15
472,8,6.875,6.81,0.6453487429289686,5.96,8.0
1507,8,6.6125,6.73,0.46528888875622226,5.6,7.16
3065,7,7.935714285714286,8.04,0.39081808493236864,7.28,8.41
2997,7,8.088571428571429,8.13,0.23919081273736062,7.66,8.52
1020,7,7.261428571428572,7.25,0.4274986573555716,6.72,8.01
904,7,5.321428571428571,5.57,0.5028327916181788,4.59,5.9
435,7,5.232857142857143,5.43,0.4405099086193597,4.37,5.66
178,7,6.787142857142858,6.97,0.3516781924151797,6.1,7.1
1120,7,6.21,6.01,0.3578906457085941,5.89,6.86
2347,7,7.682857142857143,7.54,0.3624407059177026,7.09,8.11
3229,7,8.264285714285714,8.21,0.25019176318845315,7.92,8.8
330,6,7.5249999999999995,7.56,0.4701684095442116,6.59,8.06
2809,6,7.118333333333332,7.109999999999999,0.17544388149934328,6.89,7.41
1301,6,5.915,6.025,0.3960534475715788,5.25,6.37
186,6,6.743333333333333,6.43,0.9105248791524344,5.68,8.01
865,6,7.37,7.4399999999999995,0.31443070248731525,6.78,7.77
3109,6,5.84,5.91,0.2489310480166478,5.38,6.09
2076,6,6.329999999999999,6.395,0.42801869118065394,5.45,6.78
2256,6,5.925000000000001,5.78,1.6322760183253322,4.06,8.49
1415,6,6.696666666666665,6.5,0.610837312401774,6.02,7.73
1013,6,6.456666666666667,6.425,0.42326771144933245,5.82,7.06
1200,6,6.59,6.5600000000000005,0.5593448548674305,5.72,7.4
1579,6,7.546666666666667,8.17,1.349983538994293,4.59,8.48
2025,6,7.375,7.41,0.29273138995787,6.99,7.72
2056,6,8.73,8.780000000000001,0.3713937712635115,8.25,9.22
68,6,7.07,7.135,0.23881652650797278,6.61,7.35
452,6,6.385000000000001,6.965,1.0509797016752196,4.21,7.15
363,6,6.613333333333333,6.66,1.2903574009638659,5.01,8.66
172,6,6.45,6.41,0.28798148088606884,6.16,7.01
223,6,6.736666666666667,6.65,0.9696505670715726,5.07,8.05
66,6,6.256666666666667,6.605,0.679256129077161,5.09,6.89
947,6,6.008333333333333,6.055,0.37795134901495236,5.25,6.48
891,6,5.451666666666667,5.0649999999999995,0.580442838605912,5.05,6.52
908,6,6.103333333333334,6.135,0.14337208778404392,5.84,6.28
1085,6,5.353333333333334,5.32,0.2984217746002385,4.98,5.82
1071,6,6.963333333333332,6.975,0.32785498149164816,6.55,7.54
2084,6,6.993333333333333,6.8100000000000005,0.7677383813658284,5.99,8.14
2480,5,6.847999999999999,6.71,1.358033872920701,5.26,9.29
3165,5,8.05,7.96,0.1512613632095126,7.92,8.3
417,5,7.156000000000001,6.99,0.46504193359308993,6.7,7.92
505,5,6.93,6.96,0.31157663583779854,6.47,7.4
579,5,7.582000000000001,7.52,0.2514279220770837,7.27,8.0
3318,5,7.997999999999999,8.14,0.19640773915505488,7.72,8.18
1519,5,4.75,4.78,0.17099707599839242,4.53,5.03
542,5,8.112,8.22,0.21930800258996505,7.8,8.4
2471,5,6.132000000000001,6.12,0.03187475490101856,6.1,6.17
2621,5,8.09,8.24,0.30324907254598465,7.49,8.29
2049,5,9.198,9.22,0.1210619676033725,9.05,9.4
829,5,5.316000000000001,5.25,0.6041390568403934,4.6,6.12
939,5,6.1339999999999995,6.31,0.4847514827207854,5.29,6.64
96,5,6.764,6.74,0.6347787015960759,6.0,7.68
1193,5,5.848000000000001,5.67,0.47494841825191925,5.28,6.7
1165,5,5.6419999999999995,5.7,0.23785709995709592,5.32,6.02
1145,5,5.708,5.96,0.41672052985184205,5.03,6.16
1222,5,6.840000000000001,6.6,1.4856244478333007,4.95,8.62
1227,5,4.0,4.0,0.0,4.0,4.0
2666,5,7.24,7.37,0.2551862065237851,6.78,7.47
158,5,7.1579999999999995,6.77,0.8557195802364231,6.0,8.22
1704,5,6.775999999999999,6.7,0.29295733477760877,6.46,7.22
2855,5,8.374,8.4,0.44800000000000006,7.77,9.0
1369,5,6.214,6.3,0.2580387567788994,5.81,6.5
1987,4,7.862500000000001,8.215,0.6665348828080946,6.71,8.31
217,4,7.0675,6.984999999999999,0.2748977082479952,6.78,7.52
912,4,6.6425,6.7,0.46526202295050906,6.0,7.17
1721,4,7.604999999999999,7.6,0.3801644381054071,7.1,8.12
232,4,7.425,7.49,0.33507461855533005,6.92,7.8
458,4,7.125,7.035,0.2739069184960469,6.85,7.58
820,4,4.800000000000001,4.779999999999999,0.20199009876724175,4.6,5.04
49,4,6.0024999999999995,6.109999999999999,0.8485391858953836,4.85,6.94
116,4,7.365,7.49,0.3491060010942234,6.78,7.7
1386,4,6.112500000000001,5.9399999999999995,0.5679513623542073,5.52,7.05
1562,4,7.897500000000001,7.9,0.20692691946675276,7.62,8.17
71,4,6.865,6.915,0.1898025289610233,6.56,7.07
2701,4,7.262499999999999,7.35,0.1515544456622766,7.0,7.35
1045,4,7.6975,7.695,0.3544273550390824,7.2,8.2
2699,4,8.5125,8.5,0.17440971876589936,8.33,8.72
360,4,7.2299999999999995,6.965,0.5397684688827239,6.83,8.16
2043,4,6.805,6.75,0.8558475331506188,5.69,8.03
1974,4,5.7175,5.65,0.4965065457775962,5.09,6.48
1596,4,7.13,7.21,0.8595929269136643,6.1,8.0
1644,4,8.0425,8.120000000000001,0.24293774922806866,7.64,8.29
1961,4,6.2425,6.3100000000000005,0.5357879711229061,5.43,6.92
2747,4,5.8525,5.83,0.10732543966832843,5.75,6.0
2126,4,8.61,8.61,0.08999999999999986,8.52,8.7
2859,4,8.2925,8.185,0.2390998745294523,8.1,8.7
594,4,7.3775,7.365,0.35674745969663185,6.89,7.89
3061,4,8.0625,8.059999999999999,0.05717298313014656,7.99,8.14
1558,4,6.8725,6.765,0.38989581941846996,6.51,7.45
956,4,5.2775,5.115,0.39442204552991184,4.95,5.93
1189,4,6.0175,5.885,0.6766230486762923,5.22,7.08
2592,4,7.54,7.475,0.2252776065213763,7.3,7.91
2489,4,8.75,8.59,0.5555627777308338,8.22,9.6
2029,4,6.9625,7.045,0.5266580959218229,6.19,7.57
2492,4,8.5675,8.3,0.463323591024674,8.3,9.37
3296,4,8.2075,8.215,0.20607947496051118,7.96,8.44
754,3,6.243333333333333,6.41,0.35490217744549785,5.75,6.57
1064,3,6.493333333333333,6.52,0.4249967320135794,5.96,7.0
92,3,7.236666666666667,7.36,0.2638602323621775,6.87,7.48
1218,3,6.88,6.86,0.45745673748089744,6.33,7.45
1151,3,6.826666666666667,6.83,0.17556258776351577,6.61,7.04
1159,3,7.213333333333334,7.39,0.36881190629129923,6.7,7.55
57,3,6.926666666666667,7.29,0.5786382481501047,6.11,7.38
833,3,5.636666666666667,5.71,0.26637484032009384,5.28,5.92
1041,3,6.096666666666667,6.11,0.4654985380094004,5.52,6.66
1069,3,5.323333333333334,5.19,0.33209770985191833,5.0,5.78
895,3,5.04,5.03,0.014142135623730649,5.03,5.06
2587,3,5.3566666666666665,5.38,0.4126607430915725,4.84,5.85
180,3,7.803333333333334,8.0,1.0664687316351829,6.41,9.0
227,3,6.71,6.92,0.5001999600159923,6.02,7.19
837,3,6.096666666666667,6.31,0.3671814568060623,5.58,6.4
2465,3,6.146666666666666,6.17,0.040276819911981884,6.09,6.18
1243,3,6.363333333333333,6.33,0.15691469727919757,6.19,6.57
1904,3,7.346666666666667,7.33,0.08653836657164778,7.25,7.46
2007,3,7.510000000000001,7.53,0.07483314773547874,7.41,7.59
2009,3,7.873333333333334,7.72,0.2604269997949949,7.66,8.24
2276,3,8.583333333333334,8.58,0.04496912521077396,8.53,8.64
2312,3,6.82,7.08,0.6315589178110514,5.95,7.43
2404,3,6.68,6.8,0.20607442021431643,6.39,6.85
2405,3,9.03,9.05,0.05099019513592757,8.96,9.08
2416,3,5.263333333333333,5.39,0.21545816814923088,4.96,5.44
2503,3,8.306666666666667,8.2,0.2407396011369042,8.08,8.64
2584,3,6.396666666666667,6.55,0.6058235900179376,5.59,7.05
2659,3,9.32,9.37,0.07071067811865407,9.22,9.37
1884,3,7.343333333333334,7.44,0.3376717669901089,6.89,7.7
1595,3,7.8066666666666675,7.8,0.009428090415820852,7.8,7.82
1324,3,6.766666666666667,7.0,0.32998316455372223,6.3,7.0
1574,3,8.04,8.2,0.2405549140355828,7.7,8.22
3088,3,7.8933333333333335,8.13,0.40745824598628794,7.32,8.23
3108,3,5.303333333333334,5.11,0.3167894498804459,5.05,5.75
1861,3,6.363333333333333,6.13,0.4555094827650561,5.96,7.0
119,3,6.443333333333334,6.45,0.016996731711975993,6.42,6.46
492,3,6.916666666666667,6.85,0.09428090415820642,6.85,7.05
410,3,6.81,6.7,0.7024243731534378,6.01,7.72
3184,3,6.796666666666667,6.72,0.20725722075613096,6.59,7.08
347,3,6.19,6.3,0.3238312317653542,5.75,6.52
2102,3,7.989999999999999,7.97,0.11518101695447344,7.86,8.14
2579,3,8.466666666666667,8.5,0.047140452079103,8.4,8.5
2434,3,6.973333333333334,6.98,0.032998316455372295,6.93,7.01
1016,3,6.8933333333333335,6.66,0.4327688631231329,6.52,7.5
931,3,7.533333333333332,7.54,0.009428090415820852,7.52,7.54
1926,3,7.37,7.38,0.02943920288775957,7.33,7.4
2130,3,9.01,8.77,0.44966654311834287,8.62,9.64
1901,3,7.073333333333333,7.05,0.14383632673594265,6.91,7.26
3287,3,8.143333333333333,8.28,0.28241026106633516,7.75,8.4
1042,3,6.216666666666666,5.81,0.669145391940762,5.68,7.16
1856,3,6.733333333333333,6.56,0.402850951207626,6.35,7.29
765,2,6.8100000000000005,6.8100000000000005,0.4099999999999997,6.4,7.22
233,2,6.220000000000001,6.220000000000001,1.2200000000000002,5.0,7.44
279,2,6.635,6.635,0.46499999999999986,6.17,7.1
461,2,8.52,8.52,0.0,8.52,8.52
2311,2,5.85,5.85,0.25,5.6,6.1
2594,2,7.99,7.99,0.16999999999999993,7.82,8.16
2596,2,8.3,8.3,0.03000000000000025,8.27,8.33
112,2,7.335,7.335,0.5149999999999997,6.82,7.85
2930,2,7.5649999999999995,7.5649999999999995,0.06499999999999995,7.5,7.63
2314,2,7.4350000000000005,7.4350000000000005,0.0050000000000003375,7.43,7.44
2381,2,6.84,6.84,1.5,5.34,8.34
2409,2,7.6,7.6,0.0,7.6,7.6
2495,2,8.46,8.46,0.05999999999999961,8.4,8.52
784,2,7.609999999999999,7.609999999999999,0.2799999999999998,7.33,7.89
269,2,8.01,8.01,0.08999999999999986,7.92,8.1
2803,2,5.43,5.43,0.020000000000000018,5.41,5.45
2033,2,7.01,7.01,0.0,7.01,7.01
2004,2,7.51,7.51,0.1499999999999999,7.36,7.66
2088,2,6.824999999999999,6.824999999999999,0.02499999999999991,6.8,6.85
1357,2,5.654999999999999,5.654999999999999,0.13500000000000023,5.52,5.79
1874,2,7.6,7.6,0.0,7.6,7.6
1872,2,7.43,7.43,0.3900000000000002,7.04,7.82
3000,2,7.365,7.365,0.125,7.24,7.49
1365,2,6.11,6.11,0.1200000000000001,5.99,6.23
2262,2,6.99,6.99,0.0,6.99,6.99
2860,2,7.855,7.855,0.0349999999999997,7.82,7.89
3280,2,8.115,8.115,0.03500000000000014,8.08,8.15
3125,2,6.029999999999999,6.029999999999999,0.06999999999999984,5.96,6.1
617,2,8.125,8.125,0.27500000000000036,7.85,8.4
914,2,7.535,7.535,0.4249999999999998,7.11,7.96
2147,2,6.555,6.555,0.14500000000000002,6.41,6.7
1752,2,7.38,7.38,0.6200000000000001,6.76,8.0
3059,2,7.515,7.515,0.665,6.85,8.18
1424,2,6.609999999999999,6.609999999999999,0.48999999999999977,6.12,7.1
2095,2,7.85,7.85,0.30000000000000027,7.55,8.15
10,2,7.15,7.15,0.44999999999999973,6.7,7.6
1108,2,7.025,7.025,0.07499999999999973,6.95,7.1
1078,2,6.845000000000001,6.845000000000001,0.23499999999999988,6.61,7.08
1053,2,7.075,7.075,0.16500000000000004,6.91,7.24
886,2,7.015,7.015,0.7050000000000001,6.31,7.72
2653,2,8.21,8.21,0.14999999999999947,8.06,8.36
3064,2,7.225,7.225,0.13500000000000023,7.09,7.36
3114,2,5.92,5.92,0.43999999999999995,5.48,6.36
48,2,6.835,6.835,0.01499999999999968,6.82,6.85
749,2,7.425,7.425,0.4249999999999998,7.0,7.85
1731,2,7.4399999999999995,7.4399999999999995,0.38000000000000034,7.06,7.82
2274,2,7.1,7.1,0.45999999999999996,6.64,7.56
1300,2,5.654999999999999,5.654999999999999,0.11499999999999977,5.54,5.77
1640,2,7.88,7.88,0.11000000000000032,7.77,7.99
2074,2,6.5600000000000005,6.5600000000000005,0.38000000000000034,6.18,6.94
545,2,8.46,8.46,0.23999999999999932,8.22,8.7
1133,2,5.335,5.335,0.28500000000000014,5.05,5.62
1942,2,5.88,5.88,0.5099999999999998,5.37,6.39
573,2,7.53,7.53,0.1299999999999999,7.4,7.66
1358,2,7.15,7.15,0.1499999999999999,7.0,7.3
3060,2,8.205,8.205,0.11500000000000021,8.09,8.32
2624,2,8.155000000000001,8.155000000000001,0.10499999999999954,8.05,8.26
484,2,6.55,6.55,0.4500000000000002,6.1,7.0
494,2,6.85,6.85,0.1499999999999999,6.7,7.0
489,2,5.949999999999999,5.949999999999999,0.3500000000000001,5.6,6.3
900,2,5.07,5.07,0.050000000000000266,5.02,5.12
981,2,5.98,5.98,0.06999999999999984,5.91,6.05
1493,2,6.765,6.765,0.665,6.1,7.43
1306,2,5.71,5.71,0.08999999999999986,5.62,5.8
2057,2,9.025,9.025,0.025000000000000355,9.0,9.05
1863,2,6.21,6.21,0.3099999999999996,5.9,6.52
2630,2,7.465,7.465,0.9250000000000003,6.54,8.39
1584,2,7.95,7.95,0.009999999999999787,7.94,7.96
1577,2,8.12,8.12,0.08000000000000007,8.04,8.2
1670,2,5.135,5.135,0.05500000000000016,5.08,5.19
1667,2,6.115,6.115,0.7250000000000001,5.39,6.84
1607,2,7.855,7.855,0.10499999999999998,7.75,7.96
1575,2,8.004999999999999,8.004999999999999,0.27499999999999947,7.73,8.28
1169,2,4.665,4.665,0.3049999999999997,4.36,4.97
1051,2,7.145,7.145,0.395,6.75,7.54
1012,2,6.76,6.76,0.54,6.22,7.3
978,2,6.2,6.2,0.08999999999999986,6.11,6.29
823,2,4.6,4.6,0.0,4.6,4.6
815,2,5.325,5.325,0.17499999999999982,5.15,5.5
813,2,7.845,7.845,0.07500000000000018,7.77,7.92
762,2,8.275,8.275,0.025000000000000355,8.25,8.3
730,2,8.754999999999999,8.754999999999999,0.09499999999999975,8.66,8.85
444,2,5.995,5.995,0.6550000000000002,5.34,6.65
427,2,6.199999999999999,6.199999999999999,0.10000000000000009,6.1,6.3
278,2,5.55,5.55,0.5499999999999998,5.0,6.1
225,2,5.885,5.885,0.6749999999999998,5.21,6.56
108,2,5.46,5.46,1.0,4.46,6.46
78,2,4.76,4.76,0.2799999999999998,4.48,5.04
